{
    "ndcg": [
        0.33601609657947684,
        0.44593366006755314,
        0.47812681902127546,
        0.5023902870817483,
        0.512509173387682,
        0.5182428906851956,
        0.5236084171774825,
        0.5286863226388222,
        0.5359546525140089,
        0.5382811299894043,
        0.5416486504600417,
        0.5438236054252517,
        0.545409015093484,
        0.5459240211796206,
        0.5479360936142282,
        0.5494128574499519,
        0.5498953775034089,
        0.5513163568597468,
        0.5527130060337493,
        0.5531710950653327
    ],
    "precision": [
        0.33601609657947684,
        0.2545271629778672,
        0.19114688128772636,
        0.1574446680080483,
        0.1311871227364185,
        0.11200536552649228,
        0.09830411037654496,
        0.0880281690140845,
        0.08093002459199644,
        0.07364185110663984,
        0.06804463142491311,
        0.0630449362843729,
        0.05865965020894597,
        0.054613394653636085,
        0.05150905432595573,
        0.048667002012072434,
        0.04592259438986863,
        0.043706684551754985,
        0.041724028380811184,
        0.039738430583501
    ],
    "recall": [
        0.33601609657947684,
        0.5090543259557344,
        0.5734406438631791,
        0.6297786720321932,
        0.6559356136820925,
        0.6720321931589537,
        0.6881287726358148,
        0.704225352112676,
        0.7283702213279678,
        0.7364185110663984,
        0.7484909456740443,
        0.7565392354124748,
        0.7625754527162978,
        0.7645875251509054,
        0.772635814889336,
        0.778672032193159,
        0.7806841046277666,
        0.7867203219315896,
        0.7927565392354124,
        0.7947686116700201
    ],
    "mrr": [
        0.33601609657947684,
        0.42354124748490946,
        0.44500335345405767,
        0.4590878604963112,
        0.46431924882629105,
        0.4670020120724346,
        0.4693015234262719,
        0.47131359586087956,
        0.47399635910702315,
        0.4748011880808662,
        0.47589868213610664,
        0.4765693729476425,
        0.47703369735562895,
        0.4771774168152437,
        0.4777139694644725,
        0.4780912330459614,
        0.47820959024799714,
        0.4785449356537651,
        0.4788626313013347,
        0.4789632349230651
    ]
}