{
    "ndcg": [
        0.352112676056338,
        0.3800411560937064,
        0.3870834096148332,
        0.38968306690702664,
        0.3920181945160883,
        0.394885053164845,
        0.3955557439763808,
        0.3955557439763808,
        0.3961614381326464,
        0.3973246768703442,
        0.3973246768703442,
        0.3978684156116466,
        0.3978684156116466,
        0.39889842778391954,
        0.3999044640012233,
        0.3999044640012233,
        0.3999044640012233,
        0.3999044640012233,
        0.3999044640012233,
        0.4003625530328067
    ],
    "precision": [
        0.352112676056338,
        0.1981891348088531,
        0.13682092555331993,
        0.10412474849094568,
        0.08450704225352113,
        0.07176391683433936,
        0.06179936763437768,
        0.05407444668008048,
        0.0482897384305835,
        0.04386317907444668,
        0.039875617340406073,
        0.036720321931589535,
        0.03389568178300573,
        0.03176200057487783,
        0.029912810194500337,
        0.028043259557344064,
        0.026393656053970885,
        0.02492734182875028,
        0.02361537646934237,
        0.022535211267605635
    ],
    "recall": [
        0.352112676056338,
        0.3963782696177062,
        0.4104627766599598,
        0.4164989939637827,
        0.4225352112676056,
        0.4305835010060362,
        0.43259557344064387,
        0.43259557344064387,
        0.4346076458752515,
        0.4386317907444668,
        0.4386317907444668,
        0.44064386317907445,
        0.44064386317907445,
        0.44466800804828976,
        0.448692152917505,
        0.448692152917505,
        0.448692152917505,
        0.448692152917505,
        0.448692152917505,
        0.4507042253521127
    ],
    "mrr": [
        0.352112676056338,
        0.37424547283702214,
        0.3789403085177733,
        0.38044936284372904,
        0.38165660630449366,
        0.3829979879275654,
        0.38328542684679506,
        0.38328542684679506,
        0.3835089904506404,
        0.3839114049375619,
        0.3839114049375619,
        0.38407907764044585,
        0.38407907764044585,
        0.3843665165596755,
        0.38463479288428987,
        0.38463479288428987,
        0.38463479288428987,
        0.38463479288428987,
        0.38463479288428987,
        0.38473539650602023
    ]
}