{
    "ndcg": [
        0.19517102615694165,
        0.21167421890629567,
        0.2177104362101186,
        0.22031009350231215,
        0.22108846937199936,
        0.22180518403418853,
        0.22180518403418853,
        0.22180518403418853,
        0.2224108781904541,
        0.22299249755930295,
        0.22299249755930295,
        0.22299249755930295,
        0.22299249755930295,
        0.22299249755930295,
        0.22299249755930295,
        0.22299249755930295,
        0.22299249755930295,
        0.22299249755930295,
        0.22299249755930295,
        0.22299249755930295
    ],
    "precision": [
        0.19517102615694165,
        0.11066398390342053,
        0.07780013413816231,
        0.05985915492957746,
        0.0482897384305835,
        0.04057679409792085,
        0.034780109226789306,
        0.030432595573440645,
        0.027274759669125865,
        0.024748490945674044,
        0.02249862813243095,
        0.02062374245472837,
        0.019037300727441576,
        0.017677493532624315,
        0.016498993963782696,
        0.015467806841046278,
        0.014557935850396497,
        0.013749161636485579,
        0.013025521550354758,
        0.012374245472837022
    ],
    "recall": [
        0.19517102615694165,
        0.22132796780684105,
        0.23340040241448692,
        0.23943661971830985,
        0.2414486921529175,
        0.24346076458752516,
        0.24346076458752516,
        0.24346076458752516,
        0.2454728370221328,
        0.24748490945674045,
        0.24748490945674045,
        0.24748490945674045,
        0.24748490945674045,
        0.24748490945674045,
        0.24748490945674045,
        0.24748490945674045,
        0.24748490945674045,
        0.24748490945674045,
        0.24748490945674045,
        0.24748490945674045
    ],
    "mrr": [
        0.19517102615694165,
        0.20824949698189135,
        0.21227364185110664,
        0.2137826961770624,
        0.2141851106639839,
        0.21452045606975187,
        0.21452045606975187,
        0.21452045606975187,
        0.21474401967359713,
        0.2149452269170579,
        0.2149452269170579,
        0.2149452269170579,
        0.2149452269170579,
        0.2149452269170579,
        0.2149452269170579,
        0.2149452269170579,
        0.2149452269170579,
        0.2149452269170579,
        0.2149452269170579,
        0.2149452269170579
    ]
}