{
    "ndcg": [
        0.3682092555331992,
        0.439299931991955,
        0.4664629098591582,
        0.48379395847378165,
        0.4946912206494025,
        0.4982747939603484,
        0.5009575572064919,
        0.5041312481198292,
        0.5077654130574226,
        0.5083470324262714,
        0.5089082858380444,
        0.5127144570271616,
        0.5142998666953941,
        0.5173899032122129,
        0.5188989575381686,
        0.5198834667619844,
        0.5203659868154414,
        0.5213133063863332,
        0.5217788561110007,
        0.5222369451425842
    ],
    "precision": [
        0.3682092555331992,
        0.24044265593561368,
        0.1784037558685446,
        0.14386317907444668,
        0.12072434607645874,
        0.102280348759222,
        0.08881862604196605,
        0.0789738430583501,
        0.07154035323049408,
        0.06458752515090542,
        0.05889884763124201,
        0.055164319248826296,
        0.05138523448382603,
        0.04857717734981316,
        0.045741113346747145,
        0.043133802816901406,
        0.04071487750029589,
        0.038676503465235865,
        0.036746796568887005,
        0.03501006036217304
    ],
    "recall": [
        0.3682092555331992,
        0.48088531187122735,
        0.5352112676056338,
        0.5754527162977867,
        0.6036217303822937,
        0.613682092555332,
        0.6217303822937625,
        0.6317907444668008,
        0.6438631790744467,
        0.6458752515090543,
        0.647887323943662,
        0.6619718309859155,
        0.6680080482897385,
        0.6800804828973843,
        0.6861167002012073,
        0.6901408450704225,
        0.6921529175050302,
        0.6961770623742455,
        0.6981891348088531,
        0.7002012072434608
    ],
    "mrr": [
        0.3682092555331992,
        0.4245472837022133,
        0.4426559356136821,
        0.45271629778672035,
        0.4583501006036217,
        0.46002682763246144,
        0.4611765833093801,
        0.46243412858100985,
        0.46377551020408164,
        0.46397671744754243,
        0.4641596331234158,
        0.4653333420436036,
        0.46579766645159,
        0.46665998320927893,
        0.46706239769620045,
        0.4673139067505264,
        0.46743226395256215,
        0.4676558275564075,
        0.46776172610559735,
        0.4678623297273278
    ]
}