{
    "ndcg": [
        0.20925553319919518,
        0.2587651114472573,
        0.27687376335872604,
        0.2846727352353067,
        0.2901213663231171,
        0.2944216542962521,
        0.29643372673085977,
        0.2983379412788622,
        0.2995493295913933,
        0.30071256832909105,
        0.3012738217408639,
        0.3050799929299811,
        0.3066654025982137,
        0.3071804086843501,
        0.307683426793002,
        0.30817568140490986,
        0.3086582014583669,
        0.3086582014583669,
        0.3095893009077019,
        0.3100473899392854
    ],
    "precision": [
        0.20925553319919518,
        0.14386317907444668,
        0.10798122065727699,
        0.08551307847082495,
        0.07122736418511066,
        0.06136820925553319,
        0.05346363897671744,
        0.04753521126760563,
        0.04270064833445115,
        0.03883299798792756,
        0.03548564111944394,
        0.03370221327967807,
        0.03157405974307383,
        0.029462489221040528,
        0.027632461435278338,
        0.02603118712273642,
        0.024618298023434727,
        0.023250614799910575,
        0.02223869532987398,
        0.021227364185110665
    ],
    "recall": [
        0.20925553319919518,
        0.28772635814889336,
        0.323943661971831,
        0.3420523138832998,
        0.3561368209255533,
        0.3682092555331992,
        0.37424547283702214,
        0.38028169014084506,
        0.3843058350100604,
        0.38832997987927564,
        0.3903420523138833,
        0.4044265593561368,
        0.4104627766599598,
        0.4124748490945674,
        0.41448692152917505,
        0.4164989939637827,
        0.41851106639839036,
        0.41851106639839036,
        0.4225352112676056,
        0.4245472837022133
    ],
    "mrr": [
        0.20925553319919518,
        0.24849094567404426,
        0.2605633802816901,
        0.26509054325955733,
        0.267907444668008,
        0.2699195171026157,
        0.2707818338603047,
        0.27153636102328255,
        0.2719834882309731,
        0.27238590271789465,
        0.2725688183937681,
        0.2737425273139559,
        0.27420685172194226,
        0.2743505711815571,
        0.27448470934386426,
        0.2746104638710273,
        0.27472882107306296,
        0.27472882107306296,
        0.2749406181714427,
        0.27504122179317314
    ]
}