{
    "ndcg": [
        0.1488933601609658,
        0.16666602927565474,
        0.1777324276659968,
        0.183798294681115,
        0.18613342229017663,
        0.1904337102633117,
        0.1931164735094552,
        0.1937512116921227,
        0.19496260000465382,
        0.19496260000465382,
        0.19608510682819957,
        0.19717258431080448,
        0.19875799397903707,
        0.20030301223744643,
        0.20030301223744643,
        0.2007952668493543,
        0.20127778690281128,
        0.20127778690281128,
        0.20174333662747884,
        0.20174333662747884
    ],
    "precision": [
        0.1488933601609658,
        0.08853118712273642,
        0.06639839034205232,
        0.05331991951710262,
        0.04386317907444669,
        0.038564721663313206,
        0.03420523138832998,
        0.030181086519114688,
        0.027274759669125865,
        0.02454728370221328,
        0.02268154380830437,
        0.02112676056338028,
        0.01996594954341433,
        0.0189709686691578,
        0.017706237424547286,
        0.016725352112676055,
        0.015859865072789678,
        0.014978761457634698,
        0.014296304140633272,
        0.01358148893360161
    ],
    "recall": [
        0.1488933601609658,
        0.17706237424547283,
        0.19919517102615694,
        0.21327967806841047,
        0.2193158953722334,
        0.23138832997987926,
        0.23943661971830985,
        0.2414486921529175,
        0.2454728370221328,
        0.2454728370221328,
        0.24949698189134809,
        0.2535211267605634,
        0.2595573440643863,
        0.2655935613682093,
        0.2655935613682093,
        0.2676056338028169,
        0.26961770623742454,
        0.26961770623742454,
        0.2716297786720322,
        0.2716297786720322
    ],
    "mrr": [
        0.1488933601609658,
        0.16297786720321933,
        0.17035546613011399,
        0.1738765928906774,
        0.17508383635144198,
        0.1770959087860496,
        0.17824566446296827,
        0.17849717351729424,
        0.17894430072498482,
        0.17894430072498482,
        0.1793101320767317,
        0.17964547748249962,
        0.18010980189048598,
        0.1805409602693305,
        0.1805409602693305,
        0.18066671479649346,
        0.18078507199852922,
        0.18078507199852922,
        0.1808909705477191,
        0.1808909705477191
    ]
}